,A,B,C,D
2000-01-01,-1.6069255780432543,0.6697191791288873,1.7735403661440148,0.2421675749183728
2000-01-02,-0.825697336389961,2.7442747756143424,2.036030224586958,1.1676466019687557
2000-01-03,-1.7520794595721694,3.0684904934848145,2.6297301712522616,2.0953692952921474
2000-01-04,-1.4618239090079352,2.8181061654025505,4.033759152044455,0.6389299655377974
2000-01-05,-1.5191979197639929,1.7172708665221001,4.543963809934819,-2.1896684821733032
2000-01-06,-1.748952835406846,1.5470371654331871,2.8845639324289234,-1.6297572746128506
2000-01-07,-0.9549123268656117,0.09911830095327456,2.9337688512717843,-0.9291666554771228
2000-01-08,-0.4478282598540937,0.6334461440038605,3.5540478152648554,-1.5447031997835967
2000-01-09,-0.22214656250325915,2.1040796297501365,3.074451442784727,-2.109399890826481
2000-01-10,-0.5761175111159028,3.8245479102219706,1.7512900599738015,0.06833036014635407
2000-01-11,-0.11654955557467789,3.66371132871549,2.1674130918063836,-0.45327745412355536
2000-01-12,-0.954753657125234,4.491246047163426,2.3600549086880487,-0.29239131242486766
2000-01-13,-1.5644218497669118,4.0596669941542265,3.6001725927744843,-1.4920830325405572
2000-01-14,-0.3870697847497795,5.051373198321959,4.086975436252837,-0.7565505627501182
2000-01-15,-1.0722364179279986,6.643883400129337,5.832781136372645,0.007015670282164099
2000-01-16,-1.0790376921970848,6.875435760255824,5.773513927802262,0.0919405554854561
2000-01-17,-1.0565493129608667,9.164185552349757,6.161726007004129,0.5049036330332124
2000-01-18,-0.7576811830105525,9.759800130905784,6.678931217396158,0.09423380990346225
2000-01-19,-0.35140821795006705,10.022305083868869,6.1587016158599575,1.2118649856978472
2000-01-20,-1.0771201279655558,11.25814387426162,6.9532022172595696,2.4157564670789076
2000-01-21,-0.2294392102939603,9.63177960774665,7.744355288945155,1.8763357545555
2000-01-22,-1.2128826497301004,9.122044837454737,7.607678175674238,1.1738726882215742
2000-01-23,-2.5565093161430426,8.954160759387467,7.558486034280867,0.8160123378833275
2000-01-24,-2.118209665200481,9.16124492927433,6.943729113835412,1.7307488474910326
2000-01-25,-2.37775941953581,9.320752836690376,6.462159363392116,2.14165507989297
2000-01-26,-2.449795346103028,10.397715555294447,6.2012682426799595,-0.35118550602662735
2000-01-27,-1.6705233124910879,10.994983581613518,5.403250951880549,0.33753012515806746
2000-01-28,-1.2010444639056657,10.336210385409974,5.158132980628915,-0.013313330336121476
2000-01-29,-0.10774755382888035,9.336213789408298,7.320843453876993,-0.23823707867385066
2000-01-30,-1.2441808357095037,9.19073071322324,7.704259221874243,0.3409357068233114
2000-01-31,-0.9003535403000711,7.265689220169337,9.095135687827145,1.8465187867594388
2000-02-01,-1.66012618626555,7.485833282260536,10.495532557467133,1.763308961732461
2000-02-02,-1.787828727536498,8.374515034755024,10.162378661758856,1.5030517250893467
2000-02-03,-2.951307407104931,7.006077931902337,10.902320984863133,3.354509233049404
2000-02-04,-1.8170153052057298,9.434346735253284,10.67484398385952,3.92615211909884
2000-02-05,-2.352446121256577,8.951171168596575,11.823903661489553,4.219223369048652
2000-02-06,-2.048451795920034,9.014946708765594,12.189251608078392,3.6729396505118337
2000-02-07,-1.954039786010368,8.919924483731227,12.86637517067228,5.48948323544157
2000-02-08,-1.348777083500803,8.45205769416185,12.283057716968974,4.702290423808287
2000-02-09,-0.7253411393142545,8.127313242219023,12.464667457130151,4.130327546154144
2000-02-10,-0.26859610137860185,6.429705343473843,13.710113772622114,3.3809389893766717
2000-02-11,0.24937980550849576,5.82761591354694,13.466794066974108,1.737448456705323
2000-02-12,-0.8705491491226356,4.82905717607453,13.119025872494628,1.0973436243197745
2000-02-13,-1.914332935951556,4.683991439105106,15.9064865874656,1.2707692039073186
2000-02-14,-1.6295842574508703,5.8960338940040335,14.70101075852692,2.737815432707194
2000-02-15,-0.3816186951755922,9.480895486971257,14.547324543471008,3.36091140209759
2000-02-16,-0.9139183956786441,10.559194418701173,15.183900442410394,3.7703217935838276
2000-02-17,-0.9677017688969769,8.35880079705563,16.484832877009485,3.474299608204599
2000-02-18,-0.3764137880462841,8.901619625765452,16.419767295178136,2.37971797969717
2000-02-19,-0.5935143084305976,7.677505897238655,15.446547907920666,3.5833553897246957
2000-02-20,-0.17458575526860381,6.93669676989293,15.14475031596715,1.998295840192702
2000-02-21,0.439856274500744,7.2978044866822644,14.78995739309233,3.1632658559061175
2000-02-22,1.0905780413199255,7.369190228069022,15.115307461104932,3.9245640331036507
2000-02-23,2.0781864192210904,6.233192367620022,15.45662408625412,5.110949233053502
2000-02-24,2.779420145326538,6.609811175700595,15.398363951785738,5.197669282516996
2000-02-25,2.097397843142054,6.3624789490780955,14.885206918391054,6.61515520905401
2000-02-26,0.7075594380758223,6.3546940194244845,14.963447930650581,8.160760801400023
2000-02-27,2.093617240719989,6.170762540950298,16.486906228101116,7.080556337346684
2000-02-28,4.12908046913425,5.71290921588069,16.95670838156628,7.155168670712798
2000-02-29,4.856306169023542,6.519524660420566,15.606466329200812,8.792638769350926
2000-03-01,4.922802561440708,5.833921405233584,15.882846329438726,9.121804728077043
2000-03-02,4.405069050558897,5.882686503246111,15.326822622613365,9.91875938556697
2000-03-03,4.352816722352724,6.740521903079943,14.161480517882433,9.034106360672011
2000-03-04,4.037256107815605,5.231651054480505,15.599444286127712,10.846043909615776
2000-03-05,6.135056741128981,5.16115567649078,14.59700263596945,10.690727881307103
2000-03-06,5.3580449484190575,4.354243718102706,12.431705276516432,10.399249835983394
2000-03-07,5.588388224852598,4.473446084525114,12.843992545412922,12.150773107194013
2000-03-08,5.522455358298376,4.207171530485027,12.530134684654293,13.076076876157737
2000-03-09,5.355867472544397,3.775722957161408,12.75168090681656,12.13180412496276
2000-03-10,5.478299805091718,3.027488907604877,11.017913043952968,14.341613692950002
2000-03-11,5.999193739598827,3.5359903322697575,10.381850225052698,13.97745398611902
2000-03-12,4.952501344585218,4.221790361741917,9.710214683323251,11.863950465306417
2000-03-13,5.2051995762362,4.896569239128877,8.825468180642913,12.60255753594811
2000-03-14,6.829257274398159,4.913623051800712,7.29536413610267,12.567060951183718
2000-03-15,7.055729978227675,4.7078931070191565,8.575271895615732,13.182375726552017
2000-03-16,6.640934389044952,3.4531435615728183,7.583982085940263,10.641677482755043
2000-03-17,6.706515856612897,4.820532299671447,7.257085101615411,12.197998908099796
2000-03-18,8.398352842360639,5.627095651698994,6.8504141710636794,13.7397238286324
2000-03-19,8.935898830677496,4.569364200941826,6.2935097327552185,13.827910277278633
2000-03-20,9.955594346165737,5.80613024728414,8.03033529648416,13.925704273964547
2000-03-21,8.846099202857367,6.706968525184816,5.445264322687776,13.607818314792189
2000-03-22,8.056178823247937,6.2257263875463735,4.83329363609168,12.876977293023966
2000-03-23,9.599099283562907,4.259679940470732,6.373304109473814,15.208901468011153
2000-03-24,10.047606399131858,2.8162365139549923,5.903580260252591,13.65980853793923
2000-03-25,11.068586286388589,-0.5426647690551385,6.036374177615736,13.86573894863486
2000-03-26,11.794348595425259,-0.2559901578837853,5.954083035697401,13.936811856110362
2000-03-27,11.377970631638773,-0.12984739202815815,6.984145857073782,13.795416131071358
2000-03-28,13.387377356198135,1.6119331085007673,8.112715996222473,13.491594653558852
2000-03-29,12.704135767910987,2.313185319578616,9.1875583980999,13.196179337375177
2000-03-30,12.37267670383421,2.2595746623840083,8.689527676951334,11.375536939418149
2000-03-31,11.891847731561944,3.233094175680762,8.419166015549035,11.200945719964064
2000-04-01,11.599697931725315,3.574909577033348,8.861685561711154,11.713492591043513
2000-04-02,10.371497932025875,2.222963181595166,9.911620168227323,12.516367890897348
2000-04-03,10.315896287945874,2.7244856040460137,9.408769355402391,13.394734803585958
2000-04-04,12.253130036338709,2.728431360784087,8.945750225457429,12.324863339505617
2000-04-05,10.939357826057423,2.46202974157488,9.95077770501105,12.936477912087287
2000-04-06,10.71652601516506,1.4000462292365727,10.593098612963844,13.364379265592937
2000-04-07,11.029672403939664,1.5877427906661064,10.42198666347042,14.684929702123565
2000-04-08,10.827364385228814,-0.0954278656504084,10.349053676448545,14.19876900670524
2000-04-09,13.64655518134919,1.099959658588102,9.078500618113146,13.597529664254711
2000-04-10,12.226993359501813,-0.8770315675852354,9.882043554108938,11.799822022033895
2000-04-11,12.553197050160952,-1.44822538805145,10.139070659100302,11.187392811668225
2000-04-12,11.480653232356117,-1.6349672641653756,11.717921408062761,12.237208271623302
2000-04-13,10.862210192746952,-2.1495197127900605,12.010049276034822,10.350080356513333
2000-04-14,10.86637656397927,-3.714818438044116,12.663350691665274,11.13139058582073
2000-04-15,9.86789389697521,-5.768729403245643,13.642476442454882,12.88055372085537
2000-04-16,10.62959625846683,-5.050539619085038,14.361438960217967,12.188667172125255
2000-04-17,10.307590960170918,-5.424292507300808,16.4990408835439,11.080777937968154
2000-04-18,9.407455584197097,-5.1895558148184415,16.903445266193206,11.127217698118317
2000-04-19,9.298452594914528,-5.1084095532299205,17.16787904115339,11.483047879438912
2000-04-20,7.622562131127806,-5.224858849978551,16.63552427973095,10.80942052974446
2000-04-21,7.066256216082076,-5.167947477749558,17.413784214801904,8.58833239418186
2000-04-22,6.667102046930427,-4.931686950949767,17.080634125703547,9.145365240532419
2000-04-23,7.760707933084717,-4.636907459080854,16.387404017884233,8.71972406118841
2000-04-24,7.156544640291419,-5.448190182863133,16.449595391288508,8.542784169793745
2000-04-25,6.6591803345931195,-6.06391755125487,15.34033261369977,7.9850687206452715
2000-04-26,6.275165432310919,-5.214071897724802,14.891070816312352,7.469801799988988
2000-04-27,7.396684511489018,-3.5014557217834223,12.138366699675178,6.7927946730380935
2000-04-28,9.392647537413724,-3.5919614790753935,12.720969787110976,5.615481317538112
2000-04-29,9.930963056510292,-2.8605414083845684,11.904189234905264,6.2817428994672015
2000-04-30,11.514090755772102,-2.3231746194059504,12.422988486792198,6.711513272791538
2000-05-01,11.709045031246049,-2.3545629963007024,12.537033640769335,8.068275199450905
2000-05-02,10.925129800632295,-2.64581509267281,12.204321197206983,8.259633863402874
2000-05-03,12.195200968259252,-1.6071766161887302,12.941444606362186,7.98515249510651
2000-05-04,11.933998605885531,-0.8227306750040146,13.029374622537496,8.368456030675164
2000-05-05,12.575180762755247,-2.6216639750444806,11.753115881627943,8.732630807742554
2000-05-06,11.34485098340535,-3.539161194110151,10.310251742574124,7.386239966220813
2000-05-07,9.8158003121557,-2.732925876604304,10.99087615930042,6.754466392850177
2000-05-08,11.254856529328052,-1.4675508833816273,9.837562759326891,7.175807724438388
2000-05-09,12.234440282835548,-0.9104549145286162,8.968289724397414,7.048788984717449
2000-05-10,14.940251438966058,-0.6653511942703565,8.626414470817084,6.786506387676751
2000-05-11,15.059620702730736,0.6171395498592569,9.962209100608431,5.602543950487558
2000-05-12,15.106599288568928,1.7230808661241475,10.223769173629757,5.25640749242469
2000-05-13,14.513047491778226,2.3409550117199536,10.48331943082851,5.1154264278608395
2000-05-14,14.160066217991323,1.8872978495202664,10.930753403541491,5.2714931850309155
2000-05-15,13.540477188388145,2.5127192168718273,13.155110269478616,3.8592714658189218
2000-05-16,13.498993160419003,2.6678658736124286,12.079189696962262,5.170612223516529
2000-05-17,12.196927423343048,1.5033938882537519,11.573020039095814,4.6913273717939585
2000-05-18,12.528289045460673,0.5207341975827936,10.358314749669283,4.52723582915844
2000-05-19,11.180225800841246,2.5867218265515994,9.44436207132201,5.846637120857807
2000-05-20,12.696069744601214,2.160826639014355,9.635279590525366,6.422484252509905
2000-05-21,15.547303739523748,2.0771271102481403,10.870837718029613,6.359822542308015
2000-05-22,17.195894824988095,2.8191582997200904,10.560055996468115,5.937422198534531
2000-05-23,19.059198098810015,1.3503977389355866,9.508395123946828,5.621443407070502
2000-05-24,18.77165148001194,2.1825493187688876,8.679400905865556,6.230811195368751
2000-05-25,17.41213641087242,2.1974486970587734,9.223918717580085,5.786373229635144
2000-05-26,16.979219355526805,2.5351080780394173,11.838059416388061,6.312210277065994
2000-05-27,15.92907754371446,3.638058771193058,11.652677837750662,8.059711917112013
2000-05-28,15.018989817932008,2.4545241544508634,10.84948827298961,9.470870663638081
2000-05-29,14.571701924464062,2.5828715912843037,11.728520581314916,9.242706633208012
2000-05-30,15.512888422804954,4.09372685037091,8.501903901222674,9.90341468280317
2000-05-31,14.438790864657319,3.954383944666929,8.647715417210392,9.464894267540007
2000-06-01,13.978353017493335,3.0619489405712113,9.079114601917873,11.121916461002154
2000-06-02,13.792457338976584,2.916855299778611,9.764985082570902,11.099044058924868
2000-06-03,13.257973184871153,5.373526235998804,10.518755744500782,10.256835580070033
2000-06-04,12.154848047340927,5.717985790472336,11.60880154466995,10.25235159844403
2000-06-05,10.275582732711461,5.2485791157626664,9.99274132494259,10.933626469706526
2000-06-06,12.108415960372541,4.8026063583892915,9.700357204999179,10.820135667479512
2000-06-07,11.06212806024786,3.6847614311063603,8.589491333311447,10.794848833634251
2000-06-08,9.70581246577337,3.806970698302645,7.043716880408935,11.037231895083334
2000-06-09,9.056495022001036,4.968055621031373,5.842810454774337,10.547237392177857
2000-06-10,11.092884144722902,4.578281705722087,6.721009527491878,11.47946216255945
2000-06-11,10.25386659392257,5.981929084720314,6.892888602176396,12.513266397601875
2000-06-12,10.434941925752792,7.320297126607166,5.7774305766567995,13.56012264107354
2000-06-13,11.068069093231603,8.168758974255725,6.664854658699235,12.002059537918967
2000-06-14,11.119236863363678,8.023936527714685,5.917417512073215,11.865908236276537
2000-06-15,11.231193463165251,8.033290675990196,4.918844927880078,14.868366021259476
2000-06-16,10.86194549057259,6.454715622016975,5.435314687371294,14.45721638172151
2000-06-17,10.522652402901016,6.4750649896849275,5.188278259369963,13.277764291927673
2000-06-18,12.178641190264608,7.19352815384849,3.3668064285584434,14.837257280884256
2000-06-19,13.10716422195679,6.321813946642542,4.4427179830331776,14.260876719030284
2000-06-20,12.865945650034655,8.284661963418458,4.3753598101809565,15.2375043297629
2000-06-21,13.935402106222378,9.088533805612236,1.7229553588238695,14.76969322409245
2000-06-22,14.13093009027933,8.33093192617809,0.6973540839982288,14.778112548115086
2000-06-23,14.195358518605763,9.68143084283908,-0.15822540991653145,16.623821422644244
2000-06-24,15.010098043357674,8.650562508574673,0.13829283366465495,17.63607087443225
2000-06-25,14.370490285348161,9.801292844988158,1.3767093564344057,16.79325189852502
2000-06-26,13.598221730891094,9.792373533091466,2.0543056331159146,17.25525598481287
2000-06-27,14.119504728138097,8.702634590888088,1.104458375908893,17.2728519176018
2000-06-28,14.898988104998299,8.5664180885669,0.9073247368157897,16.263419796175064
2000-06-29,14.557066572534588,9.61963336953759,1.3132507304943863,15.754446798517353
2000-06-30,15.100213118456612,8.855696155129285,-0.07361467880327321,16.43851832536843
2000-07-01,15.832855292798346,8.743643004617654,-0.042320367639202695,17.803273452649435
2000-07-02,14.95619439180017,8.836337529100595,0.246202494064531,17.299285533655624
2000-07-03,14.902357067037677,8.615472055565874,0.7784889066215506,17.24973262318298
2000-07-04,14.552338861709256,10.595866466569035,2.863956233547301,17.589404785680685
2000-07-05,13.512083203267052,12.281349422921643,3.461774278857723,18.51977230782441
2000-07-06,11.711871448881531,11.01818442671283,2.8736635543495157,19.64797533732131
2000-07-07,12.970755986231584,9.298322805954712,2.5620724068944565,19.805667131533372
2000-07-08,11.952519669329778,9.948334412469773,0.3176576727552334,19.845033098217822
2000-07-09,11.575438231143874,10.643452275686606,0.3605616968536815,19.358125410619024
2000-07-10,11.449857115412797,9.716018457244976,-1.0728082928865108,17.864859580538
2000-07-11,12.870101693740942,9.935321921212797,0.26288665921065846,16.112056545293825
2000-07-12,12.529129075988559,9.278410894516355,-1.4659673810807599,13.324099596236792
2000-07-13,11.942210252890163,9.104789401677918,-1.2617475271199323,12.88599882029008
2000-07-14,11.341880138528685,8.33722362191008,-0.29082628681753897,13.658658772059402
2000-07-15,10.498684551060796,6.721616187124308,-0.15599371247826904,13.070228178854213
2000-07-16,9.91176078748753,6.466178267041675,-0.07144411972254178,12.486354763077921
2000-07-17,10.131002958601865,8.58842339671549,0.8547705548786904,12.767362879185576
2000-07-18,11.546676667025656,7.858849694017072,0.23731781137818364,13.070936336336123
2000-07-19,11.667329385733213,6.701896248580976,-0.04390161812771265,15.028008627834875
2000-07-20,13.606295541949462,6.744020827392821,-1.028030150659758,13.099539447285446
2000-07-21,12.912905725195188,7.108948223198637,-0.6372848576979214,12.959396438247092
2000-07-22,13.719805760518266,7.846875287006583,-0.305219134858105,15.010016077632867
2000-07-23,12.281058443946838,9.07614294079548,-0.16556910439323103,14.915051180392688
2000-07-24,12.754767527955497,9.4234780255188,1.463674082190319,13.222323134264188
2000-07-25,13.542502618700988,8.522090171876858,2.131739764392617,13.950622626053956
2000-07-26,13.891193501903155,7.716063303608841,1.8399244331963538,15.3100417287182
2000-07-27,15.35805878496293,8.160277477894683,2.7034231927620516,14.43247030666365
2000-07-28,14.437580752358125,8.203135419432465,3.3263321368391683,14.151459555258025
2000-07-29,16.815449451031856,8.841319651272155,2.9722822954097596,15.693650629649905
2000-07-30,15.890337131878217,8.470958419946703,2.690198075167998,14.65399304964246
2000-07-31,15.172834174524654,8.022059567698358,3.680264831753749,15.809400454133954
2000-08-01,16.023493489402508,9.318554345302198,4.130289905566412,16.22020117861993
2000-08-02,16.806698004113287,10.405832941903425,5.390242803126064,15.186544973742722
2000-08-03,16.65635472546026,10.860505703715772,7.363931890846184,14.284265671266477
2000-08-04,18.311010837497307,9.419137257220187,7.825312045661943,13.566143026600455
2000-08-05,18.050955576649024,10.792803094173337,7.642676626009436,13.869955074798627
2000-08-06,18.65341599998016,9.100082944603962,8.729100280652776,14.64832123428984
2000-08-07,18.497144407468355,9.580452798743242,7.870203508906891,15.630951694867036
2000-08-08,19.60430554451877,7.091709641779966,8.832105039858533,16.803137355712153
2000-08-09,18.552036922842046,7.024384317844969,8.881156213288893,16.747671869525036
2000-08-10,20.080600834332763,6.758108104528269,10.129622744760466,15.883871973553426
2000-08-11,22.360177713720752,6.010287944847523,11.711602254767886,14.41790526073733
2000-08-12,21.10138252786775,5.520577541801723,11.711808782250179,14.412435156354437
2000-08-13,20.531697163484388,6.340229960671214,10.871454361179078,13.765429951671244
2000-08-14,22.205710128460936,6.810322876456943,11.175158243840926,12.238218857984707
2000-08-15,22.940637837993215,7.911773844880871,10.026371580461948,12.147154739379072
2000-08-16,23.32748467017407,7.929540035174337,10.769196664013945,13.332244501273742
2000-08-17,22.2840038551366,7.083986398285336,9.255121236103427,12.580916366190422
2000-08-18,22.139562806851913,8.120644516820013,9.399611493843441,11.595657319306335
2000-08-19,21.30818773315636,9.078995079980583,9.335664145874532,10.809504048550371
2000-08-20,22.483353141441825,9.649677412251304,10.089436243198689,9.652555397812732
2000-08-21,22.31871569489915,8.38930865046737,10.166477312079186,7.653115391357469
2000-08-22,23.246950376826053,9.426927290933952,10.955944910355749,7.1090173878698035
2000-08-23,23.016335385534706,9.313398424093862,9.902276780974178,8.259192446380633
2000-08-24,23.239349716178687,7.544977015440937,8.454922922293095,7.475478187220324
2000-08-25,22.431032779097023,8.718962246311124,7.920846091829755,7.3788592602309535
2000-08-26,21.253503023549722,10.251209142377736,8.378437528933578,7.091647468789265
2000-08-27,21.513714800852963,10.377647243356154,7.178306537248584,7.764196333895191
2000-08-28,21.478533883716615,9.660386985911511,7.1725581244684085,6.935592856017845
2000-08-29,22.27427765476258,10.828331243964362,8.073073993768505,6.120293366089384
2000-08-30,22.79578429716432,12.378518245288596,7.539472396858605,6.149244620665592
2000-08-31,22.156204891947123,12.922285542440248,7.47531699409812,4.9899641967722825
2000-09-01,21.96133563452984,13.570539316438358,8.20882331308203,6.6245138907631995
2000-09-02,22.377416909271833,12.477064208375085,8.01064757993503,7.564542262990236
2000-09-03,23.548531901257075,13.495475248434094,6.64578567436727,8.421025878809601
2000-09-04,23.817798917448368,14.126708118096545,6.629117727893291,8.163446312542895
2000-09-05,23.464633407859072,15.654329479490114,9.26712620307298,7.422138013556838
2000-09-06,24.400678325384664,15.045677622366261,10.216770200161928,7.95078073607311
2000-09-07,26.911212642157658,13.424292928604245,10.909432987362877,8.013257982290096
2000-09-08,27.39928241453299,15.18244158222626,11.276967776650983,6.978897233381647
2000-09-09,25.987572123784155,15.521161204024718,9.225468651074648,7.448706055354133
2000-09-10,25.764581477153094,17.005248861028793,9.808553121109407,7.531743652308546
2000-09-11,25.293517842231104,16.75389519497682,10.638157392012806,8.4789201422224
2000-09-12,25.47901828203287,16.033822753991796,9.532681666059322,10.563810521957265
2000-09-13,27.104863294855882,17.02662183832131,10.43310194726592,11.37276480358736
2000-09-14,27.597848330939527,17.146829812057973,9.857464535355302,10.13661572324766
2000-09-15,28.544627073171828,17.27937740415617,9.297260113917401,9.985490656444027
2000-09-16,29.26160416900584,19.644277822086533,8.46660109289223,10.473164456255796
2000-09-17,28.222184043999874,17.870032341392527,9.762757759116527,11.444018865337444
2000-09-18,29.518605279852665,18.049682389941925,9.516961235445956,13.579079782189043
2000-09-19,30.118977651932727,18.031898143527318,10.660311628961578,14.458062018880872
2000-09-20,30.68299307581701,17.71939038242993,10.902738722332048,14.927258752675247
2000-09-21,31.72226870618073,18.56821548102087,9.960145292333628,15.366760505776263
2000-09-22,33.10459850625316,19.36217351262466,7.733473061945266,16.104349554693933
2000-09-23,33.565579628152925,17.921597986141485,8.53252139060879,14.886575096104394
2000-09-24,33.490913464493495,17.08967631511575,7.487626415522833,14.885005603789494
2000-09-25,33.49262777199276,17.892357001073012,7.333160898121344,12.658390237545104
2000-09-26,33.715534453803286,17.308660798308974,6.865702468284929,12.267920373340663
2000-09-27,34.10171832818644,18.107576304205086,7.6269539315345,11.555966972620094
2000-09-28,34.53252848232873,19.213229223009396,6.7808523390657225,10.23269534985949
2000-09-29,35.35424540135431,19.497642436153598,6.1803762557274835,10.996533527000487
2000-09-30,35.50134361957577,19.650588245798502,6.012197226856492,9.25263791693345
2000-10-01,34.83530396665106,19.98353975454309,6.745602445532851,10.93859779481675
2000-10-02,34.57884978267146,21.34070522526924,7.514472735085655,10.079808957269885
2000-10-03,34.52595627403301,20.92958767507587,7.373709790598859,10.76856522939709
2000-10-04,34.10109974482377,21.67220183197533,7.183893772583716,10.607507813300986
2000-10-05,35.77589914317063,21.051124018529787,6.53561662255855,10.22693716347999
2000-10-06,36.873145281951494,21.471527471635994,6.878992623992129,10.701023451363726
2000-10-07,36.58907723298465,21.26699618602531,9.076699406535996,10.501399240325295
2000-10-08,36.63176153430642,21.024159674234095,7.896878597867917,9.280777527922105
2000-10-09,36.422958738510154,21.180683804568066,8.070332268759932,8.144804258723076
2000-10-10,36.22870350990429,20.333932187531857,8.804573588190953,10.22262574248084
2000-10-11,35.173346784324295,20.326557092734,8.431198213515085,9.132034961073158
2000-10-12,35.563216875449704,21.382222717870054,7.081348195817211,10.30735954461107
2000-10-13,35.55899892869273,19.4110331696855,7.320618362371922,11.322751583216217
2000-10-14,35.37034608080713,20.92325476966469,8.197305597626013,13.769202877887938
2000-10-15,36.25903321235695,19.51187729580666,8.299618856282144,13.831158485430306
2000-10-16,36.14835704749304,19.611485157812346,8.765091720128927,13.538116816856377
2000-10-17,36.32604413268728,17.682860206239294,8.854124854925338,13.537896726738603
2000-10-18,35.63822659556965,19.262330282703555,10.045233114890403,12.74210150659529
2000-10-19,35.71608776542825,20.165558387901605,9.699651247606944,13.093026119966739
2000-10-20,35.68476109876036,19.910860089102748,9.135061827742765,11.753385687834156
2000-10-21,36.02761815512617,19.90526789382135,11.755697423113618,12.010783344733971
2000-10-22,34.88706153298627,19.722277823854398,12.845651829276292,11.610331695460363
2000-10-23,33.793018920700256,18.635106512887837,12.071147355458296,12.428313031237503
2000-10-24,34.11387087719701,18.689805078215613,10.435730456686679,13.275025836347227
2000-10-25,35.10724523795425,19.80099293124583,9.383442922852872,14.310414729661938
2000-10-26,34.77230279904294,19.333938880114776,8.961776790435756,13.666204330501934
2000-10-27,34.99350696073165,18.576856105745975,8.975973914598637,11.170172419842965
2000-10-28,36.405019744968094,19.67434913132172,7.6119705616488265,10.902824569889425
2000-10-29,35.46468754689524,20.06328077928691,7.385910559624337,11.340338123714574
2000-10-30,35.42674241942646,19.17867111650871,6.305527438675865,12.289695580192964
2000-10-31,35.40847452031509,19.45994941924844,7.762271174125435,11.283184448713374
2000-11-01,35.22567910425728,17.57821134196996,10.380200745649415,12.45807535745054
2000-11-02,35.12176900739254,20.0150980519676,11.317978547929737,11.805854935176983
2000-11-03,36.79545764328738,20.954213723200994,11.393253846789046,12.8576576234602
2000-11-04,36.42798308795911,20.597208268057457,12.880870790861493,11.665320988943355
2000-11-05,37.80806515158063,20.5699988054876,13.092821603032608,11.751424086883564
2000-11-06,37.670587782376906,20.65473307286331,13.428948545835034,13.024406752446417
2000-11-07,36.34762240689719,19.85719752929035,13.772745664431097,12.39676415793774
2000-11-08,37.09673156678639,19.082550071128992,13.886198987778746,10.605165513444783
2000-11-09,36.798925463833136,17.933699667676656,12.29317731772139,11.097927755224715
2000-11-10,35.36191817148522,18.145625862587234,11.212396697778106,12.802463288548786
2000-11-11,35.37405056918206,17.882801166023683,10.783602017917943,14.073784990671868
2000-11-12,37.39476729396485,16.62202816118954,12.697975826640484,14.43877881320796
2000-11-13,38.65956512409382,18.249884224630176,12.72797473396385,13.172104971607673
2000-11-14,39.67012179141646,19.46567725273481,12.527596528360768,11.384493403315824
2000-11-15,39.492261678063656,20.491287336960017,13.773844199429556,12.5950800179686
2000-11-16,39.38070185605693,19.0184301284265,14.111688006727908,11.442333127764131
2000-11-17,38.73644411640065,18.862726207019715,13.36540792617875,10.631278592946982
2000-11-18,36.392271971459834,20.13471554509885,14.850154899666165,9.362086022441154
2000-11-19,35.9392876682866,22.31945511515289,14.543191615172487,9.752122471930084
2000-11-20,36.61954282930618,21.766322302083562,14.651233909232072,9.802036767713611
2000-11-21,36.687324511106134,21.546589959190285,13.392792514414566,8.577455182421893
2000-11-22,36.7372366997612,22.730166147037657,13.990582431098865,9.732076793966531
2000-11-23,36.951108612508925,23.314144584558086,12.822432748648815,10.175279560356813
2000-11-24,36.558132338167326,22.105093629566056,13.882210046204607,11.822454448480396
2000-11-25,37.39534570541031,21.444108246006877,13.08938668947356,11.24733106739911
2000-11-26,37.72938294525173,19.744690645892796,13.282624862644509,11.803204420951735
2000-11-27,38.41359143112206,18.945316171458344,13.716686972266094,13.402866479968504
2000-11-28,38.3118444414498,19.60931459361705,13.984032454834484,14.268019774275885
2000-11-29,38.196432571525655,18.32779059282014,11.967688500853068,15.208212689381442
2000-11-30,38.023400161474186,18.791667767149537,12.4234305613413,14.328895923141125
2000-12-01,39.24136539988686,17.463762349295155,11.380796863834572,14.062983733243387
2000-12-02,39.523283205771,18.66491071096392,11.33015720098816,15.722109221641446
2000-12-03,37.464161886441765,18.562274276817305,10.435201811505332,15.514217922911921
2000-12-04,39.15496961571646,18.47480678663471,9.619388770558855,16.20873954597645
2000-12-05,39.12795564338253,20.278897085420766,8.430064901412294,16.71027097260698
2000-12-06,39.67969921323297,19.600952128220072,6.9286954243130925,15.614781938852948
2000-12-07,40.77667718397195,19.53355823961922,5.546403370434644,16.69214737815948
2000-12-08,39.722016744296376,20.32257158747425,4.121252318070182,16.455427405015143
2000-12-09,38.53051992380545,18.43696754257822,4.481933643357403,16.754350305115214
2000-12-10,39.41262735741778,18.02288898094896,5.152840989710384,15.745319782905824
2000-12-11,40.08902946120785,18.261364786621158,4.888292551550438,15.15319439519678
2000-12-12,41.18297350448621,17.326260743559843,4.9902847365630745,14.95621294805668
2000-12-13,40.81862372352355,16.864553537297795,4.225714672977941,15.428012874300975
2000-12-14,39.47636337182098,17.68869741731107,3.2108718418766715,16.020739707438263
2000-12-15,39.899914284801596,17.319594331487274,1.7301732970744244,16.73000019381869
2000-12-16,40.690630754492915,17.22936170489218,2.2139296182813597,16.278038758213007
2000-12-17,39.993527159426954,17.253839774952528,0.7379772161903582,16.05127210607203
2000-12-18,40.56409032027501,18.53484811827432,1.195215860980268,16.506533425023232
2000-12-19,37.24976818623949,20.465455329970673,0.40020097328405946,14.945515339849813
2000-12-20,38.547318379931895,21.708048004895737,0.5959065245699182,16.33116091127895
2000-12-21,38.52639792871976,22.954250672841475,0.6126626726335782,16.137053908241725
2000-12-22,38.39537497781729,21.865494485625476,-0.8630784301560332,15.729753102313964
2000-12-23,38.67085273180823,20.61302326695559,0.885140666782154,15.359909288551812
2000-12-24,38.81225435138462,21.292154367546207,-0.8064520348414059,16.915859248314323
2000-12-25,39.762267803903896,21.678806990348818,-1.490630782689271,16.067738507511283
2000-12-26,40.61333310545506,21.55078357206858,-1.007680537879364,15.248931086215553
2000-12-27,41.95931695547566,21.494932071612457,-1.1615940359831243,14.68754696030639
2000-12-28,42.08101016784665,21.72733567426767,-1.763182511717159,16.283061804233103
2000-12-29,43.206241520600884,21.979250484199667,0.3827305575898925,15.425470477387936
2000-12-30,43.18836765772496,21.633147556666678,0.43685501541797744,15.160877673662725
2000-12-31,44.7785139630074,21.30786874608765,1.9440500449481135,16.638665470422275
2001-01-01,44.22367906678294,22.052644826001746,3.469212804434256,15.651044520181413
2001-01-02,43.42461265608476,21.249295689137355,3.980251295582031,16.341146714198306
2001-01-03,44.04815891172182,20.036218698864804,5.08286317502623,17.377837335288174
2001-01-04,43.23201434922926,20.19894290813097,3.5958798462872785,15.789191241831915
2001-01-05,44.92585162248889,21.472140499218415,4.200960219208238,15.94246180811265
2001-01-06,43.19977908955421,21.875980656839857,4.035737068857739,14.909793569496694
2001-01-07,42.75727312456252,22.576924943481686,4.846189581839427,13.546527144466664
2001-01-08,43.51017973314838,23.006209182394265,5.422507826557104,13.565491289583894
2001-01-09,44.49765064609258,22.91991587773482,4.676105678349254,13.94983173286939
2001-01-10,43.92612246038137,23.031523243838887,4.213888006786527,14.114441259048427
2001-01-11,43.474599137768664,23.019691194852278,3.9685916631738,15.350349782828054
2001-01-12,43.854835208587254,25.325596996424657,5.8090675079638885,14.914569456377542
2001-01-13,44.64476420901796,25.366486851759404,4.903869576693317,14.834926602269364
2001-01-14,45.253890749659995,25.82700535724522,7.418795217274862,13.498362852101199
2001-01-15,44.71056486712677,25.39437450875843,5.801401866055854,13.226895222798833
2001-01-16,42.55633861912941,25.562835159169154,7.331679851166017,13.697795811439404
2001-01-17,41.584536376093304,24.455500970127456,5.180371648553747,12.836891634615979
2001-01-18,43.65609172732619,25.127705311424815,4.629480447934953,15.053436891910284
2001-01-19,43.341557230483694,24.938849960492963,2.639448287638417,13.889220965660224
2001-01-20,43.13780306781375,24.703233689884343,2.973992667902255,13.696131625355694
2001-01-21,43.69626182805023,24.54695559330812,2.773309310558443,13.37704225879746
2001-01-22,43.363565264778906,24.875513114352728,4.416934550888733,12.738643102116876
2001-01-23,43.988011066109735,24.667671355833075,5.52494535881778,11.515669601628371
2001-01-24,44.04408288055052,23.791207128648765,5.20933218060239,13.21568255738739
2001-01-25,43.946972779695535,25.56005533231975,4.331872922650755,10.45926932334766
2001-01-26,43.79449852072595,24.382945925446048,3.974901068478946,9.217315085514285
2001-01-27,44.98680534633277,24.264456009480938,3.990168353400748,6.862385239825471
2001-01-28,44.8521003707305,24.758998483217628,4.414288459474856,5.600349856004369
2001-01-29,45.049181987008936,24.041923831752186,4.653172066012437,5.8970635636379996
2001-01-30,45.33966712555096,23.321986142951964,3.1654165516016177,5.441784956931919
2001-01-31,44.8494433246168,24.192511463909696,3.9247063907445283,5.734861649284029
2001-02-01,45.24555087055564,23.110608743103402,4.667453839126609,5.8309504758729505
2001-02-02,43.32919347899508,21.019407841870667,4.548888696578952,6.508568862680948
2001-02-03,44.954940178626515,19.94569070846705,3.7877255641377388,6.133110682770725
2001-02-04,44.99937216925568,19.855028718537973,3.450426379982364,5.142862118160864
2001-02-05,45.6857089310982,20.150055050798866,2.8503143964372466,4.47446998066703
2001-02-06,46.44888365605262,20.74273012234834,2.6626276998965657,3.1674053538633244
2001-02-07,47.71655817608517,20.353928017486652,2.598111420178973,4.0960036406934535
2001-02-08,48.78479636884821,20.374405551004696,3.3063400951243445,3.397953985914186
2001-02-09,47.76632584281053,20.579725547231174,3.2538787205466715,2.2438608035716037
2001-02-10,46.67553819969981,20.002670445793385,3.9167359128057546,2.9116148493758067
2001-02-11,45.50946311207016,21.143253315379656,5.884510359305326,2.4099904937575
2001-02-12,45.899458376270786,19.872010356887944,7.512385449678279,4.060075279378889
2001-02-13,47.011882770979554,21.298533735203783,9.209122021857755,4.111637321268487
2001-02-14,46.48154725669566,22.007645430495074,10.256353340020494,5.159984045915909
2001-02-15,46.530678739571364,20.152777667726642,8.545062875848638,4.57879414863605
2001-02-16,46.546169581080925,18.93891124843686,9.363244110162594,4.429898241064386
2001-02-17,46.48275805866687,18.22360774506888,8.747391301202908,3.77100966966088
2001-02-18,47.788525899442924,16.829044373625013,9.506517061347434,5.024774579299141
2001-02-19,46.71740445707635,15.575611200423172,8.901055012202113,3.0021013272537944
2001-02-20,47.08881994374935,15.74473402618089,9.97831367337601,2.903750142854338
2001-02-21,47.974155496668864,15.893295260278773,9.421348389751943,3.046018848569048
2001-02-22,48.51659362864703,14.250486826964975,9.701780543684242,3.0616692668785768
2001-02-23,48.84786190250614,14.72969546124517,10.09484937223381,1.8844995083203906
2001-02-24,48.99668269228598,14.21303662672355,11.319305412261777,3.490270650835628
2001-02-25,47.91773278012253,16.06786357323231,11.742354842678731,2.706513278393779
2001-02-26,48.133896551882266,17.00660370214169,12.68673584425696,1.1938366569123533
2001-02-27,47.46395340371628,15.67762167646529,11.86349812039696,0.7339434732658325
2001-02-28,45.49993108861001,15.988165996088394,11.827254176829157,0.6099374814631628
2001-03-01,46.00965074829818,14.517164200194063,11.653430476700082,-1.6613375850770409
2001-03-02,46.58574196882536,13.92117786253625,10.290102317124505,-0.12872002222575252
2001-03-03,46.307159607243605,12.33573566397129,9.672244258762877,-1.5493433633526241
2001-03-04,44.663322530888784,11.279578282288615,10.353893822796085,-0.7762955879242275
2001-03-05,44.881625533825975,10.911609686533373,9.835634248378806,-1.6190218653232629
2001-03-06,44.94137424795122,10.765430570251391,9.115539978756159,-1.2903086532665466
2001-03-07,45.4532750360434,11.377510064556056,10.605464192279669,-0.8234011987683535
2001-03-08,47.72451357477886,10.29744412414173,9.705683633870857,-2.7254841902202016
2001-03-09,47.08072082248575,9.881238032680933,9.322207748854415,-2.1978391900752747
2001-03-10,45.61214646262062,9.35970645907095,10.01492989862066,-2.207230987810496
2001-03-11,45.763997217623334,10.357555388938257,10.557471948111536,-2.083471237366353
2001-03-12,46.886963604960144,10.103749377203624,11.675608757087108,-0.6482160993027641
2001-03-13,46.62353130384962,10.045040800888028,10.868531228307042,-1.0881986779207777
2001-03-14,45.96334521308821,10.178683705186106,10.673330168458984,-1.5404496231983358
2001-03-15,44.58661112711895,9.43218466940851,11.76888132605176,-1.119257643602344
2001-03-16,42.67561493226562,9.848978951262438,11.165852253323601,-3.0779486503520177
2001-03-17,42.246394871172186,7.815684636321302,12.375039453091954,-3.2848573445767633
2001-03-18,42.76394594923725,4.929368274311524,12.75389145402782,-2.7065685475105665
2001-03-19,42.00674975520644,3.107788981967467,11.86001954186855,-4.752452438779832
2001-03-20,41.165883926994844,3.780504578555036,11.80147820028167,-4.899854268602794
2001-03-21,41.12971865054428,4.711220133377152,10.69785788021501,-4.935506250029161
2001-03-22,42.03087632381916,3.8942753860162096,10.35846859953525,-3.4407241754890023
2001-03-23,43.76494148094941,3.7288918180087536,8.198898435209767,-2.134819584042493
2001-03-24,43.9763626803016,3.3323724587638988,8.002297062631376,-2.2150931267673615
2001-03-25,44.90246037555629,5.344142784359576,7.688198899379148,-3.6092658884252327
2001-03-26,43.278566306913845,5.438787058242164,7.386275124106972,-3.397781205781957
2001-03-27,43.47888319109349,7.135726221538575,6.282415402370294,-3.0028688696164743
2001-03-28,43.48954738300453,6.970790681460233,5.189784794470506,-4.5388202945492
2001-03-29,45.26346159525281,6.858661493567866,4.73453859747245,-3.8810236122217976
2001-03-30,45.31218509381734,6.640301140111636,3.128673530522012,-3.1290746499634445
2001-03-31,45.78282449487635,6.506870523985876,2.2902130801012666,-1.7425709696252774
2001-04-01,46.0217137130421,6.994286868459958,2.843166483680755,-2.5857180151206918
2001-04-02,44.93004736662209,6.958072947775083,4.296341152081064,-2.4672930659019925
2001-04-03,45.00502598301558,5.257304087709198,5.79819813285633,-2.827259438315998
2001-04-04,45.051747338086045,5.065669231566948,7.166120863276746,-1.329140779629439
2001-04-05,45.029296442231846,7.164699928700729,6.806306104474459,-2.8400386983871195
2001-04-06,46.54527344814719,7.651471982576025,7.211757687776981,-3.748868705102441
2001-04-07,46.69554186019721,8.785505228804924,8.092745027308986,-5.249892918727609
2001-04-08,46.08487841109749,7.152883250501257,8.978746032278208,-5.067030359895909
2001-04-09,47.38810616402196,7.010941725010908,7.983518950516166,-6.277668461662249
2001-04-10,49.63458525975295,6.961864407295454,7.715217030469193,-5.9609022657185395
2001-04-11,49.928770119153015,4.836953175586359,7.2824586250147965,-6.657819294195583
2001-04-12,47.74048562355481,6.616844909349817,7.077029753011503,-7.718422958334326
2001-04-13,47.74828273713221,7.240431930419852,7.0654889263546465,-10.40628262880435
2001-04-14,46.71895663224677,8.540616122511842,7.900277407101378,-10.05567121637576
2001-04-15,47.10994619195468,9.298533245920698,6.896586428891925,-9.10931967490505
2001-04-16,48.063030749813905,10.928607589423578,8.892653308171456,-11.165751045947426
2001-04-17,48.1600334797669,10.42743609977078,6.96995583639413,-10.676206736135319
2001-04-18,47.608040047257575,10.753138066156076,6.705354715962997,-11.609757372505882
2001-04-19,48.217375872281444,10.483213239444904,5.870921759686785,-10.548122466571662
2001-04-20,49.44409903548706,11.969748068068988,6.451378608985571,-10.677862919364731
2001-04-21,50.24865093128429,11.242896231362069,5.981411079339516,-11.161974571750553
2001-04-22,49.279742485838874,12.320887842346131,6.998263413599453,-12.757754290555042
2001-04-23,47.989967225773505,12.929820525763267,7.792152773147479,-13.925977965274344
2001-04-24,47.04216975199984,12.634750446158238,7.943619750137693,-13.962303601896414
2001-04-25,47.60670412060698,10.308166979795637,7.159871935804018,-13.208839741128175
2001-04-26,47.16753552223192,9.485803479695615,6.207206363472648,-13.501059837271633
2001-04-27,46.11275685128232,11.060758450986642,6.038157101679861,-11.264396764801614
2001-04-28,48.12699767310379,11.25027467121835,6.634083348211112,-12.266938442109199
2001-04-29,46.85921270568541,11.696310001095096,6.497492975786364,-10.975113263218228
2001-04-30,47.197962181992416,10.08062703089298,6.783269695865361,-11.295006394644934
2001-05-01,45.04266818502894,11.0629630356329,6.717871760706243,-11.85440235705171
2001-05-02,46.6157095605983,10.434883492576313,5.813030892034659,-12.36753945580937
2001-05-03,47.71744232039557,10.214224879101847,7.345312127112802,-12.909359353447845
2001-05-04,46.948494390843074,9.026845118235464,8.40721477752233,-13.129939279381407
2001-05-05,47.426897062077934,11.325967367154863,8.402613378845574,-13.009544563062535
2001-05-06,47.37203340156521,11.44858151588178,7.617767237864793,-12.416868245488711
2001-05-07,46.52479249219968,12.451325165379712,8.668557830051366,-10.456256482730941
2001-05-08,47.61830986419184,11.423870473268156,9.074667770440188,-9.554065410172866
2001-05-09,46.82158709222595,10.87259536983815,8.263244255163382,-8.181375199114017
2001-05-10,48.492267790557825,11.459822287072992,8.06972543200176,-7.5187914380628715
2001-05-11,49.40694723942009,9.33083008663305,8.280593682740047,-5.665436562963855
2001-05-12,47.9641351784646,10.14898132034821,6.878069606210486,-7.239493645161073
2001-05-13,48.192006766374625,10.578175436943997,7.508186833459308,-5.280651859447899
2001-05-14,48.73595337770496,10.5894935963416,7.320328952422339,-6.77176347118419
2001-05-15,47.31170214067465,9.876250997614813,6.046677352609687,-5.518837821838712
2001-05-16,47.265899506284704,8.742996282667843,5.5328827856745075,-5.667157134852901
2001-05-17,46.612354238365945,8.292390486566095,3.975079955601572,-6.031657363103986
2001-05-18,45.89077175910625,8.145761312115967,4.3742371977587275,-3.848309643584838
2001-05-19,46.17261631182679,7.559493713479869,3.7825460264891158,-3.5358140013327835
2001-05-20,45.91898150611342,8.245270867822581,1.9218533417383816,-3.5819676032489696
2001-05-21,46.83789831918057,8.277709329720366,3.0127811788171255,-5.0398275317700625
2001-05-22,43.803156968264375,8.732645351711101,1.9914122656962219,-6.072793979204282
2001-05-23,43.09125198028725,8.275816211180548,1.965823136109892,-7.355821080781023
2001-05-24,42.21863697904301,6.830732268880901,1.4737421099696073,-8.501421389753705
2001-05-25,43.50788659396147,7.692833159346116,1.378137931996641,-7.8960868231944605
2001-05-26,45.00607536712001,8.118999763122995,2.818209956682968,-7.7806818291198265
2001-05-27,44.23728656759015,7.102940641251346,3.4016048400929417,-7.426901205023917
2001-05-28,43.617765479297134,7.244165841651229,2.8413050063772465,-7.667586222508993
2001-05-29,42.38431708528151,6.5783069885277925,2.3056988204630313,-8.748584368816914
2001-05-30,42.77781549673326,6.17744142804613,1.1446326141704253,-9.202913642899157
2001-05-31,42.902639455017166,6.4621421522860505,0.8347718626538915,-10.90811948955585
2001-06-01,43.66093131987493,8.631133133078606,0.11813791055705036,-11.132234571271477
2001-06-02,43.111164783338786,9.4869522082695,2.1068596144890206,-12.162638736287676
2001-06-03,44.220130397847605,7.45824624416505,1.7668245128258662,-12.666423774310594
2001-06-04,43.88157824822892,5.708090462377613,0.9957172637873342,-12.676773738891628
2001-06-05,42.9490078732148,7.928789454671175,1.0744414175213153,-14.435143370692176
2001-06-06,44.75728200103496,7.909426296534899,1.138823601332967,-14.776131447443086
2001-06-07,44.81047012373941,7.459745272786071,1.478844094862983,-13.526126657970055
2001-06-08,42.87213662973665,5.830582811891576,3.7527099204947527,-12.958731178270734
2001-06-09,42.86245060094259,6.315410232774906,3.4260466939633507,-12.631182931423714
2001-06-10,42.18419998610369,4.929126563742107,3.4818258237064197,-12.161565054313238
2001-06-11,42.77213987389876,5.095118552499186,4.169681164349563,-10.61958243653218
2001-06-12,43.043619285113984,4.8114907233525095,5.635840883034073,-8.306780919768853
2001-06-13,41.21087005962847,4.129282661167697,7.58695533294874,-7.175937383656971
2001-06-14,42.32999843779369,4.95170573640614,8.419089928588388,-8.769143909937165
2001-06-15,41.993124121386955,4.360446890925793,7.533643923326492,-8.909473749160831
2001-06-16,42.56099908282505,5.208212491885374,7.578720085900596,-8.29208241269459
2001-06-17,42.30363752812963,5.3032636876834,7.402650978379048,-8.57777061884546
2001-06-18,41.20828361020013,3.6950834179501344,8.881460890505632,-9.541548963325221
2001-06-19,39.740331321247346,3.8049889124190712,7.785823979756898,-8.360452939283345
2001-06-20,40.54265880426425,4.310158354888293,5.292092854712104,-10.759431646163542
2001-06-21,39.05219853537439,5.776640718696351,5.193040266253223,-10.069768323764468
2001-06-22,38.92354663637812,5.8184976948052105,5.830514030415833,-8.438930733339149
2001-06-23,38.77541104801878,5.107840775113573,7.055955386877245,-8.869841461670896
2001-06-24,40.09558734852257,4.135522634612359,6.6435005408427585,-9.372492972269358
2001-06-25,38.40019510101579,4.710278412306296,6.9703883721660915,-11.215392557091125
2001-06-26,38.06197371488143,4.626521222288154,4.8066907948955215,-12.790376001095627
2001-06-27,37.43693514786769,5.088366863762987,4.185536013659286,-12.392091152897285
2001-06-28,38.676898826228786,5.530401409971627,3.0190482445103792,-13.939051849784011
2001-06-29,37.08283540345718,4.6324736292273805,3.0296739161786754,-14.297618889144227
2001-06-30,38.33791512397967,4.289079498350983,2.1710881378862315,-14.072876683416862
2001-07-01,38.22669203604989,4.5532029160508944,2.0421915049255372,-13.208213892297517
2001-07-02,37.81035615661834,4.017093415059386,2.8260152573351656,-12.165838162397222
2001-07-03,40.558026318564046,3.9775073771418628,3.7415128177158525,-12.154444297967935
2001-07-04,41.96068480052792,5.595199731741278,3.4645097249082477,-11.237289727568445
2001-07-05,41.83328581217747,5.7066894409649125,4.335923464450069,-11.2783130662114
2001-07-06,42.557934525882665,3.0962430502307083,5.005706380462665,-11.847235895795997
2001-07-07,42.29102959452815,3.099339226171031,5.3112502189704935,-11.382433528646263
2001-07-08,42.68405868516318,3.1375083026332153,4.797581377438187,-13.509069442596987
2001-07-09,43.36724939389573,3.9136332085146055,5.075078963963083,-13.642609309222651
2001-07-10,43.40262939668706,4.924689252147845,7.563406714509666,-13.23036100266763
2001-07-11,44.525158461488424,4.9998444728431695,7.547593462466992,-14.036799872468043
2001-07-12,45.56432313178971,5.065335567758072,9.846257664286837,-15.036491990222242
2001-07-13,45.315709673867644,4.305644882220214,9.727434974296528,-14.982015986777238
2001-07-14,45.91346811241755,4.432159230060444,10.729180101025214,-15.546472673483965
2001-07-15,45.30618653898529,3.8269402914533455,8.708739048759783,-15.762384843936452
2001-07-16,45.655660497026005,3.485284338410235,8.910571967445861,-16.86736944378678
2001-07-17,46.83983597972486,3.366351650450866,9.565555378074908,-17.950966626215653
2001-07-18,48.05770510604146,2.1695341949493674,8.903024830658,-19.088787527055164
2001-07-19,46.98596878472041,2.4141185500416853,8.345148037547908,-19.022821605606122
2001-07-20,46.10636589894838,1.39820267382711,7.63659504963357,-19.018190669496043
2001-07-21,47.40411926354135,2.176801517547741,7.873899061698813,-18.88725714172342
2001-07-22,45.933607511225944,2.8186501525671956,6.546092772090992,-19.931524260539312
2001-07-23,46.37206805994617,2.4754675585855046,4.997585886366346,-20.175736157040813
2001-07-24,45.07437516922868,4.219139725795208,5.023979854949091,-20.85832184164845
2001-07-25,45.58394623037277,4.956130361850037,6.993143652657268,-20.37347833606738
2001-07-26,46.25364016788015,3.859469182452208,7.283492538147538,-20.779810446562163
2001-07-27,48.15518434215886,3.3824107151179907,8.932993073392254,-20.33391924234114
2001-07-28,48.154380004975415,5.21071494714585,8.926245357201552,-20.818510954266085
2001-07-29,47.3291307445822,5.502177008936018,10.175549072503124,-19.841341016745595
2001-07-30,47.09074395153265,6.794943132027782,8.917936875578846,-18.359941103132954
2001-07-31,46.447753048828254,6.246597503718502,9.155479260277644,-17.38182335236633
2001-08-01,46.47434912676336,5.380894818742887,10.25105855202228,-17.81611771204683
2001-08-02,47.08914472211454,4.4433085964228125,9.568667991391763,-18.48445508252898
2001-08-03,48.436717822312104,4.482957862885858,8.981996729296398,-17.495158210270898
2001-08-04,48.729710952316516,4.648637719345074,8.041411432209063,-17.057330829655488
2001-08-05,47.42329425456573,6.630860794358752,8.0817011748581,-17.837805377444422
2001-08-06,47.74565503341519,6.134391476165813,8.108357815146292,-18.01100210862873
2001-08-07,46.87786069789162,6.86897352261631,8.903968857967053,-18.934152345675706
2001-08-08,47.787849414757076,6.207944872979295,7.512491601914446,-19.229527911064615
2001-08-09,46.706605385740666,6.3258657893243955,6.396522369833301,-20.086930835968268
2001-08-10,47.638402135723844,6.969790729063127,7.525153888732397,-19.250248680328625
2001-08-11,47.74454766837756,7.035104228209052,6.847498051840484,-18.81550429231478
2001-08-12,49.69689301435787,6.692645373002659,6.829985340585615,-17.050165915988046
2001-08-13,49.42738263658222,6.46689602652999,7.588449502035879,-17.493747617063804
2001-08-14,47.97026268619004,9.232153547262996,6.839006703215041,-17.923937879243812
2001-08-15,48.62730246890156,9.051227044525607,7.788652550678082,-18.671536923489327
2001-08-16,46.836923825310215,9.522235292078257,7.708657197017159,-17.214669831516936
2001-08-17,47.43672915367751,9.955038587099514,6.60980473313364,-16.300977860208572
2001-08-18,48.36923615478691,8.671089948546268,6.884699439056928,-15.694985049887526
2001-08-19,46.36358729071245,10.258589599968634,7.262125587157135,-16.192286784179572
2001-08-20,45.52953336557402,10.375136810047657,6.74027068741907,-15.737034344872335
2001-08-21,46.426914925847065,10.307509624997259,4.936291128086162,-15.994044315924976
2001-08-22,45.229669754697,11.017766052043656,6.800044357617126,-15.914079002690743
2001-08-23,44.2252236930327,11.302533729020121,7.522662535486692,-17.079468321779707
2001-08-24,44.17631051916132,10.344223809135976,7.014836984165091,-17.877817480647582
2001-08-25,44.46570178668603,9.3970891899828,3.7038129984819754,-19.335377853066127
2001-08-26,44.20398320993738,10.317433267327045,3.3624100421514127,-20.16558096227277
2001-08-27,45.21441773590984,11.617235278558379,3.5250905547772624,-19.457273456266815
2001-08-28,43.58967007315505,10.418648610411818,2.6839730987459944,-19.570881879813744
2001-08-29,42.60906820178685,10.002117458250073,1.2463476450051079,-19.838558217805925
2001-08-30,41.80659099545239,10.72616835896106,0.8257328657600509,-19.973387901970415
2001-08-31,41.32944618912358,8.820850539059233,1.2696961391907424,-21.18803302521049
2001-09-01,42.88340396599399,8.853934288259833,0.959986989903979,-21.895766166842478
2001-09-02,43.68890664728131,9.02865508069776,2.579967623152055,-23.08337197628209
2001-09-03,44.69533728659746,8.126447737013287,2.5547302124120446,-21.891990195729754
2001-09-04,45.87789179030451,7.2137261455395825,4.514688227149184,-22.40809472756605
2001-09-05,46.731098640802536,8.046900169429717,5.227767236730528,-22.02409549888283
2001-09-06,46.08198797030357,7.6157401304961,4.911818990337716,-21.542532633279706
2001-09-07,45.57296889972176,7.197894594637692,5.568358226294875,-22.28767789190628
2001-09-08,45.97305779821494,7.572617669883178,6.631508338084409,-21.499678723475085
2001-09-09,44.84965193317173,8.463414711739263,6.9795142546712166,-21.22876367210365
2001-09-10,46.29563982307522,7.7785476024770395,6.680240177416025,-22.612385294142655
2001-09-11,45.56641015549797,7.217046442279,8.869466010746159,-24.704222348765384
2001-09-12,45.18072618734802,7.219139938026618,10.617287103541493,-24.445424319356388
2001-09-13,44.540178674085865,6.603489571391475,10.98080908067269,-24.167763088556914
2001-09-14,44.46904153709893,7.002621801908784,12.48092544976236,-25.694310231874024
2001-09-15,42.69546926490001,5.352780449407039,13.907884657836805,-26.036376572868534
2001-09-16,43.2020199185256,4.448494654792923,13.262499106674499,-26.233899232043182
2001-09-17,44.384429529861336,4.677383572050716,13.96160759965733,-26.371274261184695
2001-09-18,43.963363116054694,4.271604248304357,14.307769115245712,-26.68131870763432
2001-09-19,45.09908860765947,2.9227694439754495,14.786135056877058,-27.511123812045746
2001-09-20,45.312075790100096,3.2144948167030263,14.861241656637718,-27.02150175948682
2001-09-21,45.75681174549706,5.2593283947799225,14.88128844670725,-26.528662218695615
2001-09-22,45.57703286404754,5.377681449759536,13.354034431415222,-24.459153987020525
2001-09-23,46.168302349121234,5.503037572905667,14.40635818417257,-23.148818878954636
2001-09-24,46.86704099584973,7.411486710076192,15.867331064614131,-22.552855900823317
2001-09-25,46.30345235886688,7.437004599599645,14.47299827481718,-23.899982677057633
2001-09-26,45.01854118142772,7.625919924740547,14.053822651558582,-23.52298231640611
2001-09-27,44.36412867882903,10.622895412640837,14.750067892222134,-22.637136453091017
2001-09-28,45.69569560774621,11.460266686354478,16.724919260986194,-21.095165856391418
2001-09-29,44.91114949580862,11.542280154348843,15.58310000872455,-19.631972524576767
2001-09-30,45.29670550428438,12.04691107401383,16.06339983039811,-19.847152906563824
2001-10-01,45.99492889994195,12.451531274168072,17.756508428402277,-19.843256895612484
2001-10-02,44.63560726414211,11.459854457352106,16.371461508658427,-18.36507371361341
2001-10-03,45.16993782832244,10.579639623072563,17.237798859112658,-16.958083876177454
2001-10-04,43.513265225790825,11.788345113589848,17.080868625806726,-17.00146873832172
2001-10-05,42.914788414214186,10.303940700252916,17.588966969510274,-16.326786108212048
2001-10-06,42.85670211718855,11.031081248807244,18.82330867723889,-16.880040877976672
2001-10-07,43.17802561682966,11.303140939408342,19.522713163191074,-16.92270239868055
2001-10-08,43.529268446118294,11.783083015476338,18.509906353335225,-16.631394740862486
2001-10-09,42.90590838631911,11.7762621506032,18.45648551196607,-16.347321418108965
2001-10-10,41.50691641165045,13.012167887653646,17.233490369118698,-16.676983979235555
2001-10-11,41.32499693359081,13.393246175617913,17.50758723711062,-16.169300502885964
2001-10-12,41.72120283411202,12.980567157044794,16.572592640764622,-15.948500770419116
2001-10-13,41.48715684920319,12.351916910552559,17.213000368275015,-16.19390736997398
2001-10-14,42.669745471177805,10.743340834118653,15.231799746675184,-14.049718236066898
2001-10-15,41.0991779490503,11.249090934480922,15.709691216760264,-13.284344671072752
2001-10-16,42.83630183247782,11.851548238470103,15.110421228400506,-13.671524790123044
2001-10-17,43.30880941435192,12.479951009468715,14.018745240884755,-16.528548661534114
2001-10-18,42.272955300329286,12.480417018045902,13.684665499987178,-14.852640589968715
2001-10-19,43.89280372858053,12.064300722570753,14.040163773693639,-15.222575467282404
2001-10-20,44.891169555359724,11.153371767914074,15.859499935320535,-15.70494760805061
2001-10-21,43.89203280602353,12.679312247991245,15.290430822462827,-14.397736054847062
2001-10-22,43.20584411160758,12.81032894728699,14.707170505701566,-15.015994813271147
2001-10-23,43.83554282754405,11.942312016510154,16.322679474991233,-15.55580357404937
2001-10-24,43.522947242549314,13.636188909475717,17.6877643631527,-13.975154869572933
2001-10-25,43.82110032882532,14.54866652911102,18.3456375867505,-15.461911816855517
2001-10-26,43.202789838846385,15.57036848989116,17.680257341051483,-14.841518036395499
2001-10-27,46.584950200215154,14.126739503650414,17.884172704974517,-15.401164259295097
2001-10-28,47.21191687981211,14.570682982116338,18.848097065420493,-15.939282861867945
2001-10-29,46.48832454063057,14.435254590614319,19.91432655421335,-17.328389259447775
2001-10-30,46.136996955621285,13.656491869196733,19.610873597891967,-16.607547074251375
2001-10-31,45.39895656831324,12.25043291230957,21.10447804929914,-16.323371677487977
2001-11-01,46.87450813464621,13.09365522512627,19.984992884194476,-16.745396077244074
2001-11-02,47.59534401650492,14.080142637791651,20.366029808497775,-16.889894501584838
2001-11-03,48.86011920607733,12.499761449032572,20.65980242181135,-17.227235203148542
2001-11-04,47.39616970948273,11.920025126389508,20.54488271159779,-18.008013714363017
2001-11-05,48.73419106316554,13.161869694150305,19.935050579792808,-19.47725586759879
2001-11-06,49.39797954582864,13.24636644684582,21.071358764952826,-21.013112256708652
2001-11-07,49.31668011551244,12.02474416716164,19.869089475799615,-21.356808763658076
2001-11-08,48.25320262200027,11.278424115904517,18.871864237982322,-20.405198236057053
2001-11-09,47.13079353314128,10.327323058705753,18.296785373678805,-21.746567876459576
2001-11-10,49.184612934307204,10.52090311224553,19.23305171488903,-20.74790995329717
2001-11-11,49.61225306666157,11.769911999996534,20.380532654841005,-21.078941821509577
2001-11-12,48.700411301498725,11.164019743270186,20.69227125870553,-20.878241185198604
2001-11-13,47.55823934534179,10.639770846381996,21.5401115248115,-22.487685339736696
2001-11-14,49.74733351483537,11.19638876630422,22.630717915288248,-23.39614942892213
2001-11-15,50.851260267304276,11.184359663504237,22.548164545565356,-23.574106640605027
2001-11-16,50.003892561060894,9.896468922049536,21.867264554838115,-22.154219043289693
2001-11-17,51.939477346978585,10.53526014363115,20.612546109304372,-23.915121875193048
2001-11-18,53.1818075552294,12.03787525401393,19.249686883545692,-24.32965790908979
2001-11-19,52.702060018882065,12.855577219283798,19.345498332962354,-25.0148655012008
2001-11-20,53.0139845611724,12.801076698084325,18.133016347818035,-26.24252860867295
2001-11-21,53.641002213426134,11.86224917778282,19.517008003520118,-26.96266648947322
2001-11-22,55.20621589722345,11.516182366044664,19.557775792022845,-27.74228431818569
2001-11-23,57.362437661799945,10.296008116244408,17.426770116563837,-29.534020476090216
2001-11-24,57.68435278160122,8.32775493972981,17.460213210191792,-30.619651965206273
2001-11-25,57.567390631963214,7.2284276375088785,15.72096242924728,-29.029858310808827
2001-11-26,57.15785039014856,7.082762694280852,15.337947040787055,-28.287188672990183
2001-11-27,57.35052031668162,7.407140732403603,15.28102751972893,-27.24842304645772
2001-11-28,56.6000809304624,8.398865625420221,15.446120783271649,-28.397075567124983
2001-11-29,57.25828010201976,10.037367268878699,15.808943607393736,-29.82704602303382
2001-11-30,57.22540572759307,11.096974544867564,14.110321454468968,-27.252256623562904
2001-12-01,57.42827597787387,10.705804812394,15.163564510898425,-28.236199812766593
2001-12-02,55.970857826864176,11.279006892602226,15.763034618061626,-27.56068563381157
2001-12-03,56.42408026234862,12.172293461655194,16.682122428365876,-26.200456387326707
2001-12-04,54.58810073541185,11.137662161983094,16.62335642529371,-26.66114990382853
2001-12-05,54.2715355887791,10.23569968987415,16.678023630561196,-24.88977321137769
2001-12-06,54.76056181863344,8.70797663573055,18.58848485252226,-23.72630061720562
2001-12-07,54.07583898105694,7.682543467992296,17.71173587949616,-22.939905152958847
2001-12-08,52.81155913074731,7.38706376455988,17.599655456310742,-23.991338583358374
2001-12-09,54.015744232079214,6.261443796855383,19.69334902240062,-24.514481418046408
2001-12-10,53.30567754616739,6.0663489079259625,21.47933371392348,-24.555843233799635
2001-12-11,53.647973761825725,4.912809847940233,22.116873182104985,-25.228690819817672
2001-12-12,53.19526024350731,4.550306908508466,20.36585058471445,-25.783564059612857
2001-12-13,54.069207103565276,3.4697855056135287,20.272650667798064,-24.00425472459014
2001-12-14,54.16564816685117,3.354745199764064,18.828113070041635,-23.01833058483041
2001-12-15,54.27417569283405,3.301690051168308,18.66616475058656,-22.73508670400762
2001-12-16,53.997794198035095,3.2654939510742316,19.02860715778713,-23.382205557811165
2001-12-17,53.89458625932131,3.3055320618170567,19.830069561335634,-24.15136254908562
2001-12-18,55.554515315374026,2.8576740140773684,19.15920716558927,-24.456304376646138
2001-12-19,55.2623949776341,3.2476510648423607,19.11995432525684,-26.14528790609597
2001-12-20,54.9887089950864,3.7921130829591236,20.22041567583625,-24.934016228791595
2001-12-21,53.58256093616685,2.838883330687769,21.979189112964487,-24.926312795874576
2001-12-22,54.03893169083555,3.3607877470260052,21.68106094641691,-26.04668416787866
2001-12-23,53.050261997550656,2.4005948031908746,21.79493679652223,-26.165082456323038
2001-12-24,53.28884302083707,3.908782590803364,22.303078382074006,-24.280704447438662
2001-12-25,54.95500432235072,4.364873167555414,21.792538094303186,-23.487596634759758
2001-12-26,55.392070997656205,5.105459275497617,21.683821988479703,-23.91667315576548
2001-12-27,56.17458917857404,6.32292490954714,23.615162579397605,-24.44127700481203
2001-12-28,56.31072148983914,6.0067793577196404,24.409191243946005,-25.591014601689498
2001-12-29,56.24755908234303,7.188672669979473,24.710537989098594,-24.736543733235017
2001-12-30,56.939880780088174,7.097541292068626,26.012596667938755,-22.75546254510294
2001-12-31,55.89788304923502,4.812417080823524,25.28508963734115,-24.430096703448047
2002-01-01,56.425467760394426,4.58182767132362,23.576442990184436,-24.471932569306954
2002-01-02,55.958544079756585,6.536058597446997,23.63132963436779,-23.446629618988776
2002-01-03,57.90851362834271,6.8520230967522675,23.877166888709972,-24.42306818460656
2002-01-04,56.979209868385354,7.87497525040371,24.49680739038721,-24.30914497312487
2002-01-05,56.75681123432213,7.948785173213676,25.774322233034876,-24.46256205527093
2002-01-06,56.623743714674134,6.412646651742512,24.820070830770934,-24.06432029068226
2002-01-07,58.691939006149454,6.147162160877789,24.60907699057767,-25.139821730393145
2002-01-08,58.41404624161905,7.993216719395354,25.76948841041391,-24.697466694192233
2002-01-09,58.24615631695053,6.216783560032247,25.31912668935887,-23.353809022009298
2002-01-10,58.822657013753556,5.380403276586375,25.843819465100122,-23.595857147025985
2002-01-11,58.35065334556848,7.02717038686321,25.773485801722323,-24.126868740240607
2002-01-12,59.37337215534592,6.489436768352014,25.19401983475599,-25.137974766924817
2002-01-13,59.85389259612693,4.835437025944922,25.983595337104887,-25.521909893371323
2002-01-14,60.29379298875748,4.433311658949706,25.51194958925599,-25.26004887573852
2002-01-15,61.017568285594244,5.624516118923109,25.2528009796645,-24.577893450085593
2002-01-16,59.49365737091218,4.572992498242135,26.9378003097546,-24.060404348427934
2002-01-17,57.88439639597603,3.5085557423784213,26.440312182398536,-25.098315331591937
2002-01-18,58.69055298749697,4.109414141509517,25.95038181716413,-25.848322779693365
2002-01-19,58.19524648916067,4.117496625748927,24.347745848845943,-25.56956254856663
2002-01-20,58.619488153794265,2.8849618342975862,24.180797299511493,-26.020121625534664
2002-01-21,55.895759633013945,1.5854064665113767,25.749182898072263,-26.40789986275754
2002-01-22,58.02335222388279,0.3547018978501848,27.335915538053815,-27.728710913825378
2002-01-23,57.94199098994688,1.93181618070977,27.42210605744583,-29.279499014742935
2002-01-24,60.56973320017846,2.2682461484675436,29.536407388944447,-29.987841169564458
2002-01-25,58.66632767080353,1.9663132551640727,29.62726548555163,-29.011311015594504
2002-01-26,57.94696535324043,2.2738479330805683,30.154085695276702,-28.879615414635072
2002-01-27,57.99019082006334,3.355097062019682,30.154391854685777,-29.348814685529216
2002-01-28,58.398146280417514,2.021788226475022,29.987798247950966,-29.350758740550905
2002-01-29,58.02672663499303,0.2051317137955313,30.710217991451135,-28.55850512442644
2002-01-30,57.42094364663881,1.4187727482818648,29.37547421778395,-28.171742016933745
2002-01-31,59.33254208232483,1.1870943539422885,29.677537709245993,-27.59200866546146
2002-02-01,59.57547487621281,2.960129202112018,29.363027409928584,-26.94108090847547
2002-02-02,61.167895466824206,3.781492613836411,29.28541331255464,-27.473487622322676
2002-02-03,59.81687605240335,4.856153798093315,29.93728414143146,-27.37211428177126
2002-02-04,61.463392479135635,4.683116825569578,29.95280610613567,-28.617095612218566
2002-02-05,61.680457594326676,2.5766483560469227,30.77164242525674,-28.904356957337335
2002-02-06,63.02001336919859,3.5760809470959267,30.5033242837441,-28.855617895228054
2002-02-07,61.07082523188578,2.7122279317672886,33.1742984134415,-29.789695730540778
2002-02-08,62.93932364508125,4.05216956106977,33.16537615102634,-29.796223616907625
2002-02-09,64.15841467604665,4.2527743760357115,33.406651534823055,-30.46485994776925
2002-02-10,64.98939931639298,3.107354487378913,34.34441647311643,-32.37184753908223
2002-02-11,65.9938612121214,1.9489214772519519,34.0826540642096,-31.34184365908101
2002-02-12,64.54010628903593,2.805823779804801,33.92899408537066,-31.05378674747933
2002-02-13,64.19873938409701,4.548168835938053,33.42435347396941,-30.888223960781342
2002-02-14,65.46838605036169,4.645268823349752,33.09712160138374,-30.442702973559967
2002-02-15,65.338265628255,4.7869630662215945,34.16701727195888,-31.621518623109246
2002-02-16,64.89514055129905,4.753624233176289,33.85741259024783,-30.34108976674435
2002-02-17,63.09552383939342,4.157671283211118,33.25238055855273,-31.03710901135578
2002-02-18,62.55928548456088,4.50609547364589,34.426865833977,-32.451799470936216
2002-02-19,61.522987421882576,5.117352527761755,34.97031823998097,-32.772381410049775
2002-02-20,63.24005894970165,5.816453782925744,35.82136595191933,-33.21211923466192
2002-02-21,64.49877653380537,7.3112351238536135,37.03864576831102,-33.58782372440167
2002-02-22,62.90359511249472,8.771281431757952,38.52777709810209,-34.154750720082255
2002-02-23,60.75572374412429,8.686638520366602,38.3564397384152,-33.35294091224916
2002-02-24,62.09360459272075,7.442121921951458,38.52354001592188,-34.49816080563895
2002-02-25,61.9779948159038,6.791975792142053,38.2421705460027,-33.52323279955054
2002-02-26,62.79127766601341,7.36992024350946,37.106830612653255,-34.13091789809652
2002-02-27,62.243557460202446,6.614661711607836,36.99573580953934,-34.22028827973084
2002-02-28,62.994649400362064,8.179775943491544,36.05146395477948,-32.42968649255897
2002-03-01,61.85669902094048,7.770317012585593,35.02329360193272,-33.37601035955714
2002-03-02,62.4456926445097,7.485766518596121,34.1848146207528,-33.590082380744306
2002-03-03,62.14745969049334,10.227630200789633,35.27354614960981,-32.068645448704885
2002-03-04,62.83199829684502,11.348336381419447,36.32536030513876,-31.902215810487025
2002-03-05,63.27649972668758,10.183445717338877,37.12306197305601,-33.0005130266816
2002-03-06,62.434557738584424,11.258956690521227,36.80593662319541,-34.19828174588722
2002-03-07,61.943130658740415,11.423701376953925,37.431677329273846,-34.393807419608514
2002-03-08,62.91175218263326,14.139212124955794,36.241430860470345,-34.0984919303901
2002-03-09,63.00935906013513,13.907317265940993,35.07635709369087,-32.82792696890824
2002-03-10,64.30979309167093,15.095828654000098,36.53805323649776,-33.15954724691848
2002-03-11,65.36781193662425,16.875022791829284,37.70407878191603,-33.86785964186368
2002-03-12,65.54524227020265,17.733994609911846,37.693454241508014,-34.12918612507599
2002-03-13,66.25617894968094,17.97444069244879,38.26951020076708,-34.77000573357431
2002-03-14,65.37560114460169,19.527900200961614,37.29369976851805,-35.304386570829365
2002-03-15,65.70305281735713,19.95833809624075,36.93254093540193,-34.118623405595656
2002-03-16,65.37825196803136,19.876783333936856,35.187263659628336,-34.587945612992456
2002-03-17,65.56018414024349,19.945963594129744,33.754911685949835,-35.991572889093206
2002-03-18,66.41330279029995,19.188082902796317,35.48465463894401,-35.67323065844049
2002-03-19,67.50447005450233,17.574021130779776,34.984958103773444,-34.89842229858921
2002-03-20,65.8794326807054,15.684289213077284,34.66495378280044,-34.838555317976265
2002-03-21,65.01458892539264,16.997894070065872,35.32047100141331,-34.60537838573055
2002-03-22,65.57957649333645,17.585974474898663,35.09114539145584,-34.29818664625754
2002-03-23,64.33653613372296,16.558985803413112,36.09915881392327,-33.32221065478105
2002-03-24,65.05885477249359,16.873049499768538,34.55649393111555,-32.69708246224608
2002-03-25,66.10041372780081,17.119042053085934,35.734579372620985,-34.05818266198045
2002-03-26,65.18002292143501,14.042489449102876,34.90616546061254,-33.28247926335964
2002-03-27,65.0719164744149,11.327175036588066,34.141895746412715,-32.605323413001486
2002-03-28,66.51351822573675,11.719621351394933,33.25909254806203,-32.095539285117006
2002-03-29,67.1988251041578,11.248237606389631,32.454411638234724,-32.02426742372473
2002-03-30,65.01331976529254,12.384059166298668,31.393038924147437,-30.462615757229884
2002-03-31,64.96780346841803,13.82835380782732,29.782919851269167,-30.998136831666663
2002-04-01,63.68809829576381,13.824895857873244,30.82592090569109,-29.794621616224884
2002-04-02,62.36928069943761,14.299595570402898,31.70357240545826,-30.335003945783757
2002-04-03,61.13913126000124,13.601569198776932,31.057142105472217,-28.584082231402032
2002-04-04,60.050199064235926,13.89364183519131,31.4683852537364,-29.08247738946892
2002-04-05,61.56043978777973,13.82992108111282,31.906175420004104,-29.220825262532877
2002-04-06,61.57694861024066,12.486583689112617,31.586339209689992,-29.143578860846738
2002-04-07,62.39771311197943,13.18644590046395,32.089150831000154,-30.263846704468282
2002-04-08,64.48541278159526,12.322117905640276,31.564167760839986,-30.927479839651316
2002-04-09,62.67835177673366,11.867892906282194,32.55299700241301,-32.13243232863225
2002-04-10,62.5045807000588,11.262297724961057,31.397030750419912,-31.33050464802089
2002-04-11,61.80075255218225,11.76859704775545,33.69101635171483,-30.06509090317848
2002-04-12,61.39614734580121,13.285222565341757,31.592367832853643,-30.200383635657232
2002-04-13,62.43898965527391,14.199244067438284,32.17566207737778,-30.02793855944786
2002-04-14,64.74611744184276,13.858667370667822,33.47888613777253,-28.96261931002319
2002-04-15,62.347753489693886,13.934166104128117,32.95048893826851,-29.946737594347024
2002-04-16,61.95496295503107,15.134117997127948,33.56763406664414,-28.481396064201913
2002-04-17,62.73196481242033,14.841784254564248,33.734412084175084,-29.671450265532815
2002-04-18,61.65600361836533,14.174255942385432,32.56265404140309,-28.740396272880805
2002-04-19,61.05774379671801,14.500436870365563,34.3083974853705,-29.377462304345258
2002-04-20,59.99323084415967,13.018743229202856,33.95297791973325,-28.922089975780857
2002-04-21,61.893195517123715,12.67635457181232,35.00431364565374,-29.492045597946092
2002-04-22,63.1157206029739,13.084773354764405,35.667472083424514,-28.72677038279974
2002-04-23,61.51794666515335,11.730858443798345,35.511658954676655,-27.59202178915199
2002-04-24,62.5030927747731,10.18100155280725,36.47267792513544,-25.99022556919524
2002-04-25,65.43403782786906,11.032141062681177,35.118000448543555,-25.93067212891066
2002-04-26,67.08091959205655,11.477570339710317,35.2890730503892,-25.553290840438038
2002-04-27,67.42544913658885,12.34528918172077,36.10335860430804,-26.538052863095196
2002-04-28,65.87228845121808,10.737391347207732,38.06714720694525,-26.07656493173084
2002-04-29,65.19376918928974,11.49537155588219,37.3926143553632,-26.55946013702575
2002-04-30,65.80922985537308,11.94389079208633,36.20094720109959,-27.029052307100432
2002-05-01,65.25414178230155,12.338340544309528,36.88254461977256,-26.400038854383755
2002-05-02,64.69059705423867,13.049773233033994,38.15172220216493,-25.255720374420612
2002-05-03,63.45523675798633,12.8936138290425,37.41786372588758,-25.890186575215342
2002-05-04,64.58820020779916,11.467256958351864,37.17708009819326,-26.178444183887898
2002-05-05,63.398062284515504,11.436031661698504,37.2209730125579,-26.928120540788782
2002-05-06,63.780605800203084,11.270724285586327,37.10764923050531,-26.36247865755785
2002-05-07,62.2285648091659,11.533690119727943,37.779979258345264,-28.030041240209137
2002-05-08,62.56541766522167,11.721692461875088,37.33489522288193,-28.96353975551983
2002-05-09,62.87408831020585,9.671628080742765,36.765988893216885,-27.946566571229127
2002-05-10,62.99099396271471,10.689428249924722,35.16465031176403,-27.450428953972
2002-05-11,63.115965173353075,9.540629741056481,34.76453117766868,-28.033633170279145
2002-05-12,62.27951762252948,9.95478251320029,33.72748035591073,-29.159108641931276
2002-05-13,63.03528275051966,9.01729463368648,33.93380541675216,-29.531091234597447
2002-05-14,64.45312665762387,8.056353861861375,33.886444079523194,-28.888440289939407
2002-05-15,65.82986745954393,9.588068460511026,32.41541484703076,-29.05914312035166
2002-05-16,64.97098073644237,8.844504027588954,31.962683539637812,-29.74306872297601
2002-05-17,64.8420517158525,9.416434629480865,33.32302788498566,-28.892307702327216
2002-05-18,64.96184395989519,8.58501181685468,33.11407087059536,-27.98745517565905
2002-05-19,65.47199082729716,8.312610929753069,33.115911429715815,-28.94316569580982
2002-05-20,66.50259611873156,8.115480165959383,34.03686517233335,-28.211267053992852
2002-05-21,67.09900444800013,8.327015475062693,33.06595935250062,-27.761935984303086
2002-05-22,69.21534795491348,7.591456907677333,32.529913609690844,-28.74981537308527
2002-05-23,69.06313937541886,8.260003444973478,32.92979837614789,-31.024746273218938
2002-05-24,69.19888108594431,8.363660982388426,33.011144899636264,-31.113881699233712
2002-05-25,69.62224811603112,9.108399953451803,33.19589068128532,-31.392957090308858
2002-05-26,69.52752675828503,8.142456680136068,34.40943636532693,-31.197661907640594
2002-05-27,71.81540612394954,7.725839771138831,34.53395123055996,-30.354538629594195
2002-05-28,70.99655888204029,8.63552935538739,34.848166735597346,-30.287830128611635
2002-05-29,71.71328122761601,8.63413398673118,37.47385357777156,-31.231945776981576
2002-05-30,71.469751729133,8.396940887408245,36.07547860868547,-30.79077403253225
2002-05-31,71.13083725549953,7.3975939824650645,37.24339263868183,-27.97455075861195
2002-06-01,72.36137629636298,6.332229157114675,37.35814097067407,-26.45205340173748
2002-06-02,71.76145789120098,5.405261270004438,37.936021990382,-28.331499165969078
2002-06-03,71.83761996022517,5.2263415965039535,38.89065199222813,-27.746133756833416
2002-06-04,69.56531060076456,5.362931960760026,40.2366146455068,-27.08422225008039
2002-06-05,71.52645902200062,4.820099756159538,40.28059634392473,-27.594152720606335
2002-06-06,72.75690727143746,4.778247732109388,39.99878933750503,-25.896775178521914
2002-06-07,71.88801203512534,4.6852836066777925,40.34183248325594,-27.587971218215884
2002-06-08,73.57846192686962,4.789684951827603,42.1722076602366,-28.64246261743177
2002-06-09,74.01751084433205,3.875081228472687,42.587999996671975,-29.3527213424689
2002-06-10,73.8623473530938,4.699580754721415,42.267638614382115,-29.780852666364957
2002-06-11,72.42579838642995,2.98856779610447,41.43531143867781,-30.23736669319904
2002-06-12,73.678367935873,2.643974372289772,41.97646799240114,-31.868987103295982
2002-06-13,72.55672713313838,1.8995996822274819,41.02735945004844,-32.780146608692
2002-06-14,71.28754772175242,2.6637334649965547,40.61657179534769,-32.57925199232762
2002-06-15,71.34889673384612,3.6701361222416296,40.42853373039881,-34.082488927358675
2002-06-16,72.0354270019536,5.695727737388522,39.40480100483581,-32.932023417096524
2002-06-17,70.17281855297034,4.993736350846619,38.58778980239991,-32.759842670693985
2002-06-18,69.6183846811646,5.510690173513635,38.07778395873852,-32.96837929214747
2002-06-19,70.3770426007957,5.077996312167216,36.59750117294792,-33.321408704207165
2002-06-20,71.49117628635152,2.6668755501470036,37.53757443972406,-34.362740644606774
2002-06-21,73.62399754821404,2.773136788862522,38.240747403204516,-33.172782867667514
2002-06-22,72.97694424503916,2.2589168892918696,37.76054289175276,-32.078226660005114
2002-06-23,73.74166334744864,3.495697339596142,38.14595644968506,-33.25426059911861
2002-06-24,74.14991960535603,2.6412660037085107,39.96431655467735,-33.40970752746729
2002-06-25,72.94500769069882,3.735447144896967,39.89167499520663,-33.10602143266347
2002-06-26,72.45137987287232,3.8297260725885494,39.784560729495695,-31.547817886132837
2002-06-27,73.56518670897785,3.536539204956234,38.334023818414686,-29.992987329741958
2002-06-28,73.52335940215673,4.685084269263973,37.45114065842726,-31.11696961880629
2002-06-29,72.15105722060937,4.757875453182706,37.240472220461264,-32.505061218304526
2002-06-30,72.85013520010892,4.637706948416873,37.30552064837125,-34.12374656110152
2002-07-01,73.57162884490597,6.44212320210386,38.45609867051661,-34.07230246097943
2002-07-02,72.42061448900026,6.28208763431125,40.36387903074177,-33.47644613620623
2002-07-03,73.0085178094154,6.054054104169757,41.36566768687919,-34.387075040361516
2002-07-04,72.92279764703297,7.011158720915754,43.33511845192672,-34.631056355497954
2002-07-05,73.49366883230353,6.871784317532626,43.88895902785373,-34.83030585989835
2002-07-06,72.46292810610323,6.269730624304657,45.90570241150093,-35.53478563604048
2002-07-07,72.68963727065213,6.818996436547555,45.86733442610701,-35.60136037486869
2002-07-08,71.67294333513642,6.074699264659901,44.926595647568476,-35.44515049199616
2002-07-09,73.15818140302545,4.005951351708113,45.33264059866522,-35.16152850501843
2002-07-10,73.26741106003531,3.9995707121006063,44.87696441811977,-35.08462110915307
2002-07-11,73.14517819313052,4.587728036578166,42.62886267881461,-35.7426745530834
2002-07-12,73.88849802176537,3.7038599241847585,42.647235430868584,-38.9821659503119
2002-07-13,72.01998815786219,2.6804675656016954,42.26872278484068,-38.703919867215745
2002-07-14,71.0875971979316,3.56651077876567,43.793545530486746,-39.29930121696973
2002-07-15,72.6442736578988,3.8964383279466355,43.59412046377107,-39.51200869292767
2002-07-16,73.42004289614488,5.05034917007751,43.069386525673366,-39.95076068078744
2002-07-17,73.11139859933903,4.862221832294484,44.17797336284181,-40.056991842057876
2002-07-18,72.95657868094135,4.905848415390135,44.57316399940337,-39.80627063713564
2002-07-19,71.67097886004731,5.246260981655215,44.604835402089385,-40.69009439940662
2002-07-20,72.4315222514833,5.680110278825676,43.14924821721595,-41.00033033098119
2002-07-21,73.9985803101588,6.478692364480395,43.00941026586597,-40.148799649278345
2002-07-22,72.2244740920926,5.632078481558709,43.02547128101366,-40.216695836049404
2002-07-23,72.86544745375566,5.348955831968317,42.58892581021431,-39.78599058004729
2002-07-24,72.52452314834676,6.957488604863354,41.326399826208274,-39.99396671869091
2002-07-25,72.21778663206203,7.88359412546555,42.78607312546292,-39.394717379611734
2002-07-26,71.3620809558013,9.415743671595429,42.407248997983636,-39.58786338450949
2002-07-27,71.84681430230688,11.067796940056596,41.79218904883761,-39.281959349569924
2002-07-28,71.6913333612611,12.118280491121872,41.97272622116888,-40.90984405438623
2002-07-29,71.03545752324848,14.470781373345345,41.19238123252551,-41.350299919743584
2002-07-30,72.3553847873108,14.395930235566126,41.66015235984859,-41.84274725646862
2002-07-31,72.33053091863879,13.964013617035723,42.62177214962822,-41.18973377836358
2002-08-01,70.57852747206773,12.530699590433906,44.0481265528397,-40.5936903801315
2002-08-02,71.2919723697229,12.20147864379418,46.04762863959793,-42.43763926815413
2002-08-03,71.21577534164551,13.160590987266133,45.73816963703826,-42.49671254854913
2002-08-04,71.47660799834287,11.876941095676939,46.3729409804031,-43.9989037250555
2002-08-05,71.37277162054902,12.632333291352946,45.499163265841005,-46.170884288588375
2002-08-06,71.89257245461239,11.677728683483807,46.22236445739552,-45.72504453507009
2002-08-07,72.82587099223174,11.018499858084525,45.753786462682385,-46.219429464824834
2002-08-08,72.07654373932486,10.716189023919691,45.67107171201835,-45.87886691399023
2002-08-09,72.78034876939799,10.379438286944408,47.139294611842196,-45.954998618499864
2002-08-10,72.27450151742818,9.301305071663222,46.97142170519817,-45.94962900303898
2002-08-11,72.78946000357118,7.92686622616016,47.474455154285565,-46.86311045480291
2002-08-12,73.43835726597646,7.450704131965499,49.03602310840745,-46.72270968679193
2002-08-13,71.56532395848684,7.909908525163365,49.257222125548296,-47.26391331880132
2002-08-14,71.50760788325482,8.46678560837071,50.335707715209765,-45.82705819675152
2002-08-15,72.21664473588727,8.118194762864034,50.9178151940811,-45.342181335856324
2002-08-16,71.65199360057278,9.010427082760781,51.50025090012391,-46.56895167428154
2002-08-17,70.49176775141508,8.464227472388195,51.477567844617106,-47.394849969043726
2002-08-18,71.35105404072175,8.497052951693053,51.77548599237438,-49.14177603069033
2002-08-19,71.53281853839542,9.742969569766963,51.88663882264167,-47.858566310132026
2002-08-20,69.58496746053248,10.156758058557015,53.23217225355617,-48.13258330544261
2002-08-21,69.4797185494871,9.659337040528328,53.65825968847529,-48.228741059610094
2002-08-22,68.75939981100784,10.119539691377271,54.15392655361188,-47.33325877584479
2002-08-23,69.4438821818121,10.937223819310015,54.486751582912945,-49.11935618569728
2002-08-24,69.29718984230631,11.026515690385692,53.945113443604406,-50.16083849023816
2002-08-25,67.5207871575356,11.661848283390528,55.16804041902586,-49.37255932535871
2002-08-26,67.52418473997083,10.19081380045547,55.45722108387171,-49.99826234416695
2002-08-27,68.02328250479758,11.59997270139028,56.65080309990494,-49.56484729677103
2002-08-28,68.92634358891131,12.226963257760563,56.460548310573586,-49.071153829368086
2002-08-29,69.00249217029835,12.092365631625473,58.89123915190125,-48.71617054607734
2002-08-30,69.02992382849449,11.806866350956625,59.09113664492655,-48.221781776201
2002-08-31,68.38122203664021,12.431133678947486,59.9779338664852,-48.051498799889714
2002-09-01,68.9538336992739,11.851811084019051,59.480427746542425,-48.96526197057546
2002-09-02,68.49487852217523,11.882199570290483,61.42731646107952,-47.333695851295545
2002-09-03,68.7046582321038,12.93491572597917,61.67417281416925,-48.60763248359452
2002-09-04,69.23562024759137,14.621117028826994,61.72491807405245,-48.79429140374383
2002-09-05,70.20913642055685,15.342920842097008,61.69628886798543,-47.40779106645446
2002-09-06,69.74461500649447,15.022817617973576,60.518385973019804,-45.70406779694255
2002-09-07,72.05749469038074,14.336068374618776,62.229481951399755,-45.55839288664047
2002-09-08,73.90340735646481,13.389871546048903,62.11138273148864,-44.979728583651244
2002-09-09,75.0354285993827,14.554782679547934,63.07157963330206,-45.65442184639054
2002-09-10,74.20476570698571,16.32295335522752,61.7643643177469,-46.41964246039416
2002-09-11,73.02960484465518,16.942855381029254,62.38603566791723,-46.039058908271144
2002-09-12,73.59037820308974,17.879622609784295,60.692080550048864,-46.87470547306281
2002-09-13,73.54799027434257,17.92234411913207,61.5105430912303,-48.27865547822465
2002-09-14,73.55542148691593,20.35660144066512,58.96332864020401,-47.57711819891488
2002-09-15,73.57162310915427,20.028479805541235,58.32722921764533,-47.32765524751583
2002-09-16,74.34926713274082,20.04114514808687,58.76745866422907,-47.496022579632566
2002-09-17,74.69996785153157,20.32111474117889,57.78812941409132,-48.6946856183799
2002-09-18,74.52472047927732,18.90704412436917,57.86766049578563,-48.29718967901699
2002-09-19,73.77866797338889,17.71032373864802,55.25250623018887,-48.942440632651
2002-09-20,74.24589577474644,18.11471020685798,55.19719534188957,-49.659394788126846
2002-09-21,74.54554363504631,19.181775549557884,53.32529628647396,-49.78675690526758
2002-09-22,74.11289658738716,19.169391413581675,55.19214731230549,-50.38171300282858
2002-09-23,74.39297080477542,19.870697568320104,55.7129959640038,-48.96309453868821
2002-09-24,73.95323370627403,20.45489895874773,54.821158901120114,-49.2147763824345
2002-09-25,74.71845004809943,19.844555770806885,55.78437671886913,-49.46091351328938
2002-09-26,75.60658154119184,18.847219847511326,57.06582231422461,-48.748277387378884
